a-link-normal href,s-image src,a-link-normal href 2,a-size-medium,a-icon-alt,a-link-normal href 3,a-size-base,a-size-base 2,a-size-base href,a-size-base href 2,a-offscreen,a-price-whole,a-price-fraction,a-size-base 3,a-link-normal href 4,s-image src 2,a-link-normal href 5,s-image src 3,a-size-base 4,a-color-base,a-link-normal,a-color-price
https://www.amazon.com/Ulefone-Unlocked-Smartphone-Quad-core-Waterdrop/dp/B08DG2F7H1/ref=sr_1_1?crid=1Z7WUL3L50M5U&dchild=1&keywords=mobile+phone&qid=1609663940&refinements=p_36%3A14674873011&rnid=14674871011&s=wireless&sprefix=mobile%2Caps%2C440&sr=1-1,https://m.media-amazon.com/images/I/51Ei9chFEaL._AC_UY218_.jpg,https://www.amazon.com/Ulefone-Unlocked-Smartphone-Quad-core-Waterdrop/dp/B08DG2F7H1/ref=sr_1_1?crid=1Z7WUL3L50M5U&dchild=1&keywords=mobile+phone&qid=1609663940&refinements=p_36%3A14674873011&rnid=14674871011&s=wireless&sprefix=mobile%2Caps%2C440&sr=1-1,"Ulefone Note 8 (2020) GSM 3G Unlocked Smartphone, Android 10 Quad-core 2GB+16GB, Triple Card Slots 5.5 inch Waterdrop Screen, Dual SIM Unlocked Cell Phones, 5MP+2MP Rear Camera, 2700mAh - Orange",3.5 out of 5 stars,https://www.amazon.com/Ulefone-Unlocked-Smartphone-Quad-core-Waterdrop/dp/B08DG2F7H1/ref=sr_1_1?crid=1Z7WUL3L50M5U&dchild=1&keywords=mobile+phone&qid=1609663940&refinements=p_36%3A14674873011&rnid=14674871011&s=wireless&sprefix=mobile%2Caps%2C440&sr=1-1#customerReviews,227,Orange,https://www.amazon.com/Ulefone-Unlocked-Smartphone-Quad-core-Waterdrop/dp/B08DG2F7H1/ref=sr_1_1?crid=1Z7WUL3L50M5U&dchild=1&keywords=mobile+phone&qid=1609663940&refinements=p_36%3A14674873011&rnid=14674871011&s=wireless&sprefix=mobile%2Caps%2C440&sr=1-1,https://www.amazon.com/Ulefone-Unlocked-Smartphone-Quad-core-Waterdrop/dp/B08DG2F7H1/ref=sr_1_1?crid=1Z7WUL3L50M5U&dchild=1&keywords=mobile+phone&qid=1609663940&refinements=p_36%3A14674873011&rnid=14674871011&s=wireless&sprefix=mobile%2Caps%2C440&sr=1-1,$80.99,80,99,Price may vary by color,https://www.amazon.com/Unlocked-Smartphones-Ulefone-Waterdrop-Full-Screen/dp/B08DG27BTG/ref=sr_1_1?crid=1Z7WUL3L50M5U&keywords=mobile+phone&qid=1609663961&refinements=p_36%3A14674873011&rnid=14674871011&s=wireless&sprefix=mobile%2Caps%2C440&sr=1-1,https://m.media-amazon.com/images/I/41Tl1HD6lFL._AC_US40_.jpg,https://www.amazon.com/Unlocked-Smartphone-Ulefone-Full-Screen-Recognition/dp/B08DFZ6JNT/ref=sr_1_1?crid=1Z7WUL3L50M5U&keywords=mobile+phone&qid=1609663961&refinements=p_36%3A14674873011&rnid=14674871011&s=wireless&sprefix=mobile%2Caps%2C440&sr=1-1,https://m.media-amazon.com/images/I/41kJLMf-KUL._AC_US40_.jpg,,,,
https://www.amazon.com/Tracfone-Motorola-Prepaid-Smartphone-Locked/dp/B07Y5TTS2Q/ref=sr_1_2?crid=1Z7WUL3L50M5U&dchild=1&keywords=mobile+phone&qid=1609663940&refinements=p_36%3A14674873011&rnid=14674871011&s=wireless&sprefix=mobile%2Caps%2C440&sr=1-2,https://m.media-amazon.com/images/I/71+hwPZiawL._AC_UY218_.jpg,https://www.amazon.com/Tracfone-Motorola-Prepaid-Smartphone-Locked/dp/B07Y5TTS2Q/ref=sr_1_2?crid=1Z7WUL3L50M5U&dchild=1&keywords=mobile+phone&qid=1609663940&refinements=p_36%3A14674873011&rnid=14674871011&s=wireless&sprefix=mobile%2Caps%2C440&sr=1-2,TracFone Motorola Moto E6 4G LTE Prepaid Smartphone (Locked) - Black - 16GB - Sim Card Included - CDMA,4.4 out of 5 stars,https://www.amazon.com/Tracfone-Motorola-Prepaid-Smartphone-Locked/dp/B07Y5TTS2Q/ref=sr_1_2?crid=1Z7WUL3L50M5U&dchild=1&keywords=mobile+phone&qid=1609663940&refinements=p_36%3A14674873011&rnid=14674871011&s=wireless&sprefix=mobile%2Caps%2C440&sr=1-2#customerReviews,572,Electronics,https://www.amazon.com/Tracfone-Motorola-Prepaid-Smartphone-Locked/dp/B07Y5TTS2Q/ref=sr_1_2?crid=1Z7WUL3L50M5U&dchild=1&keywords=mobile+phone&qid=1609663940&refinements=p_36%3A14674873011&rnid=14674871011&s=wireless&sprefix=mobile%2Caps%2C440&sr=1-2,https://www.amazon.com/Tracfone-Motorola-Prepaid-Smartphone-Locked/dp/B07Y5TTS2Q/ref=sr_1_2?crid=1Z7WUL3L50M5U&dchild=1&keywords=mobile+phone&qid=1609663940&refinements=p_36%3A14674873011&rnid=14674871011&s=wireless&sprefix=mobile%2Caps%2C440&sr=1-2,$39.88,39,88,,,,https://www.amazon.com/gp/offer-listing/B07Y5TTS2Q/ref=sr_1_2_olp?rnid=14674871011&s=wireless&keywords=mobile+phone&crid=1Z7WUL3L50M5U&sprefix=mobile%2Caps%2C440&qid=1609663940&sr=1-2&refinements=p_36%3A14674873011&dchild=1,,More Buying Choices,$33.88,(12 new offers),
https://www.amazon.com/Total-Wireless-Samsung-Prepaid-Smartphone/dp/B088NFQDSH/ref=sr_1_3?crid=1Z7WUL3L50M5U&dchild=1&keywords=mobile+phone&qid=1609663940&refinements=p_36%3A14674873011&rnid=14674871011&s=wireless&sprefix=mobile%2Caps%2C440&sr=1-3,https://m.media-amazon.com/images/I/61gxAIP-W5L._AC_UY218_.jpg,https://www.amazon.com/Total-Wireless-Samsung-Prepaid-Smartphone/dp/B088NFQDSH/ref=sr_1_3?crid=1Z7WUL3L50M5U&dchild=1&keywords=mobile+phone&qid=1609663940&refinements=p_36%3A14674873011&rnid=14674871011&s=wireless&sprefix=mobile%2Caps%2C440&sr=1-3,Total Wireless Samsung Galaxy A01 4G LTE Prepaid Smartphone - Black - 16GB - Sim Card Included -CDMA,4.4 out of 5 stars,https://www.amazon.com/Total-Wireless-Samsung-Prepaid-Smartphone/dp/B088NFQDSH/ref=sr_1_3?crid=1Z7WUL3L50M5U&dchild=1&keywords=mobile+phone&qid=1609663940&refinements=p_36%3A14674873011&rnid=14674871011&s=wireless&sprefix=mobile%2Caps%2C440&sr=1-3#customerReviews,367,Electronics,https://www.amazon.com/Total-Wireless-Samsung-Prepaid-Smartphone/dp/B088NFQDSH/ref=sr_1_3?crid=1Z7WUL3L50M5U&dchild=1&keywords=mobile+phone&qid=1609663940&refinements=p_36%3A14674873011&rnid=14674871011&s=wireless&sprefix=mobile%2Caps%2C440&sr=1-3,https://www.amazon.com/Total-Wireless-Samsung-Prepaid-Smartphone/dp/B088NFQDSH/ref=sr_1_3?crid=1Z7WUL3L50M5U&dchild=1&keywords=mobile+phone&qid=1609663940&refinements=p_36%3A14674873011&rnid=14674871011&s=wireless&sprefix=mobile%2Caps%2C440&sr=1-3,$58.04,58,04,,,,https://www.amazon.com/gp/offer-listing/B088NFQDSH/ref=sr_1_3_olp?rnid=14674871011&s=wireless&keywords=mobile+phone&crid=1Z7WUL3L50M5U&sprefix=mobile%2Caps%2C440&qid=1609663940&sr=1-3&refinements=p_36%3A14674873011&dchild=1,,More Buying Choices,$57.95,(16 new offers),
https://www.amazon.com/Nokia-Unlocked-Smartphone-AI-Powered-Charcoal/dp/B087V61QD7/ref=sr_1_4?crid=1Z7WUL3L50M5U&dchild=1&keywords=mobile+phone&qid=1609663940&refinements=p_36%3A14674873011&rnid=14674871011&s=wireless&sprefix=mobile%2Caps%2C440&sr=1-4,https://m.media-amazon.com/images/I/81ZwjEaw5QL._AC_UY218_.jpg,https://www.amazon.com/Nokia-Unlocked-Smartphone-AI-Powered-Charcoal/dp/B087V61QD7/ref=sr_1_4?crid=1Z7WUL3L50M5U&dchild=1&keywords=mobile+phone&qid=1609663940&refinements=p_36%3A14674873011&rnid=14674871011&s=wireless&sprefix=mobile%2Caps%2C440&sr=1-4,"Nokia 1.3 Fully Unlocked Smartphone with 5.7"" HD+ Screen, AI-Powered 8 MP Camera and Android 10 Go Edition, Charcoal, 2020 (AT&T/T-Mobile/Cricket/Tracfone/Simple Mobile)",3.6 out of 5 stars,https://www.amazon.com/Nokia-Unlocked-Smartphone-AI-Powered-Charcoal/dp/B087V61QD7/ref=sr_1_4?crid=1Z7WUL3L50M5U&dchild=1&keywords=mobile+phone&qid=1609663940&refinements=p_36%3A14674873011&rnid=14674871011&s=wireless&sprefix=mobile%2Caps%2C440&sr=1-4#customerReviews,208,Charcoal,https://www.amazon.com/Nokia-Unlocked-Smartphone-AI-Powered-Charcoal/dp/B087V61QD7/ref=sr_1_4?crid=1Z7WUL3L50M5U&dchild=1&keywords=mobile+phone&qid=1609663940&refinements=p_36%3A14674873011&rnid=14674871011&s=wireless&sprefix=mobile%2Caps%2C440&sr=1-4,https://www.amazon.com/Nokia-Unlocked-Smartphone-AI-Powered-Charcoal/dp/B087V61QD7/ref=sr_1_4?crid=1Z7WUL3L50M5U&dchild=1&keywords=mobile+phone&qid=1609663940&refinements=p_36%3A14674873011&rnid=14674871011&s=wireless&sprefix=mobile%2Caps%2C440&sr=1-4,$99.99,99,99,Also available in Cyan,https://www.amazon.com/Nokia-Unlocked-Smartphone-AI-Powered-T-Mobile/dp/B087V5R1PX/ref=sr_1_4?crid=1Z7WUL3L50M5U&keywords=mobile+phone&qid=1609663961&refinements=p_36%3A14674873011&rnid=14674871011&s=wireless&sprefix=mobile%2Caps%2C440&sr=1-4,https://m.media-amazon.com/images/I/31zEzMQxR6L._AC_US40_.jpg,https://www.amazon.com/gp/offer-listing/B087V61QD7/ref=sr_1_4_olp?rnid=14674871011&s=wireless&keywords=mobile+phone&crid=1Z7WUL3L50M5U&sprefix=mobile%2Caps%2C440&qid=1609663940&sr=1-4&refinements=p_36%3A14674873011&dchild=1,,More Buying Choices,$64.12,(5 used & new offers),Only 15 left in stock (more on the way).
https://www.amazon.com/Easyfone-Prime-Unlocked-Senior-Phone/dp/B07Q27CD5Z/ref=sr_1_5?crid=1Z7WUL3L50M5U&dchild=1&keywords=mobile+phone&qid=1609663940&refinements=p_36%3A14674873011&rnid=14674871011&s=wireless&sprefix=mobile%2Caps%2C440&sr=1-5,https://m.media-amazon.com/images/I/61LSJwiR5vL._AC_UY218_.jpg,https://www.amazon.com/Easyfone-Prime-Unlocked-Senior-Phone/dp/B07Q27CD5Z/ref=sr_1_5?crid=1Z7WUL3L50M5U&dchild=1&keywords=mobile+phone&qid=1609663940&refinements=p_36%3A14674873011&rnid=14674871011&s=wireless&sprefix=mobile%2Caps%2C440&sr=1-5,"Easyfone Prime-A4 GPS Localisation Unlocked Smart Senior Cell Phone, Big Button Hearing Aids Compatible Easy-to-Use Mobile Phone with Charging Dock (Red)",3.2 out of 5 stars,https://www.amazon.com/Easyfone-Prime-Unlocked-Senior-Phone/dp/B07Q27CD5Z/ref=sr_1_5?crid=1Z7WUL3L50M5U&dchild=1&keywords=mobile+phone&qid=1609663940&refinements=p_36%3A14674873011&rnid=14674871011&s=wireless&sprefix=mobile%2Caps%2C440&sr=1-5#customerReviews,292,Red,https://www.amazon.com/Easyfone-Prime-Unlocked-Senior-Phone/dp/B07Q27CD5Z/ref=sr_1_5?crid=1Z7WUL3L50M5U&dchild=1&keywords=mobile+phone&qid=1609663940&refinements=p_36%3A14674873011&rnid=14674871011&s=wireless&sprefix=mobile%2Caps%2C440&sr=1-5,https://www.amazon.com/Easyfone-Prime-Unlocked-Senior-Phone/dp/B07Q27CD5Z/ref=sr_1_5?crid=1Z7WUL3L50M5U&dchild=1&keywords=mobile+phone&qid=1609663940&refinements=p_36%3A14674873011&rnid=14674871011&s=wireless&sprefix=mobile%2Caps%2C440&sr=1-5,$69.99,69,99,Also available in Black,https://www.amazon.com/Easyfone-Prime-Unlocked-Senior-Phone/dp/B07PY6MG1C/ref=sr_1_5?crid=1Z7WUL3L50M5U&keywords=mobile+phone&qid=1609663961&refinements=p_36%3A14674873011&rnid=14674871011&s=wireless&sprefix=mobile%2Caps%2C440&sr=1-5,https://m.media-amazon.com/images/I/5137S-ZPX1L._AC_US40_.jpg,https://www.amazon.com/gp/offer-listing/B07Q27CD5Z/ref=sr_1_5_olp?rnid=14674871011&s=wireless&keywords=mobile+phone&crid=1Z7WUL3L50M5U&sprefix=mobile%2Caps%2C440&qid=1609663940&sr=1-5&refinements=p_36%3A14674873011&dchild=1,,More Buying Choices,$50.13,(4 used & new offers),
https://www.amazon.com/artfone-Unlocked-Senior-Charging-Elderly/dp/B08LGTP49H/ref=sr_1_6?crid=1Z7WUL3L50M5U&dchild=1&keywords=mobile+phone&qid=1609663940&refinements=p_36%3A14674873011&rnid=14674871011&s=wireless&sprefix=mobile%2Caps%2C440&sr=1-6,https://m.media-amazon.com/images/I/71yZwtyit8L._AC_UY218_.jpg,https://www.amazon.com/artfone-Unlocked-Senior-Charging-Elderly/dp/B08LGTP49H/ref=sr_1_6?crid=1Z7WUL3L50M5U&dchild=1&keywords=mobile+phone&qid=1609663940&refinements=p_36%3A14674873011&rnid=14674871011&s=wireless&sprefix=mobile%2Caps%2C440&sr=1-6,"artfone 3G Unlocked Senior Flip Cell Phone,Senior Phone with Charging Cradle and Large Screen for Elderly, Unlocked Mobile Phone",5.0 out of 5 stars,https://www.amazon.com/artfone-Unlocked-Senior-Charging-Elderly/dp/B08LGTP49H/ref=sr_1_6?crid=1Z7WUL3L50M5U&dchild=1&keywords=mobile+phone&qid=1609663940&refinements=p_36%3A14674873011&rnid=14674871011&s=wireless&sprefix=mobile%2Caps%2C440&sr=1-6#customerReviews,1,,,https://www.amazon.com/artfone-Unlocked-Senior-Charging-Elderly/dp/B08LGTP49H/ref=sr_1_6?crid=1Z7WUL3L50M5U&dchild=1&keywords=mobile+phone&qid=1609663940&refinements=p_36%3A14674873011&rnid=14674871011&s=wireless&sprefix=mobile%2Caps%2C440&sr=1-6,$64.99,64,99,,,,,,,,,
https://www.amazon.com/Ushining-Unlocked-Senior-Charging-Seniors/dp/B08H4RFTNQ/ref=sr_1_7?crid=1Z7WUL3L50M5U&dchild=1&keywords=mobile+phone&qid=1609663940&refinements=p_36%3A14674873011&rnid=14674871011&s=wireless&sprefix=mobile%2Caps%2C440&sr=1-7,https://m.media-amazon.com/images/I/71tYUxJgyRL._AC_UY218_.jpg,https://www.amazon.com/Ushining-Unlocked-Senior-Charging-Seniors/dp/B08H4RFTNQ/ref=sr_1_7?crid=1Z7WUL3L50M5U&dchild=1&keywords=mobile+phone&qid=1609663940&refinements=p_36%3A14674873011&rnid=14674871011&s=wireless&sprefix=mobile%2Caps%2C440&sr=1-7,Ushining 3G Unlocked Senior Flip Phone Dual Screen T Mobile Flip Phone Unlocked Big Button Large Volume Basic Cell Phone with Charging Cradle for Seniors(Black),3.4 out of 5 stars,https://www.amazon.com/Ushining-Unlocked-Senior-Charging-Seniors/dp/B08H4RFTNQ/ref=sr_1_7?crid=1Z7WUL3L50M5U&dchild=1&keywords=mobile+phone&qid=1609663940&refinements=p_36%3A14674873011&rnid=14674871011&s=wireless&sprefix=mobile%2Caps%2C440&sr=1-7#customerReviews,208,BLACK,https://www.amazon.com/Ushining-Unlocked-Senior-Charging-Seniors/dp/B08H4RFTNQ/ref=sr_1_7?crid=1Z7WUL3L50M5U&dchild=1&keywords=mobile+phone&qid=1609663940&refinements=p_36%3A14674873011&rnid=14674871011&s=wireless&sprefix=mobile%2Caps%2C440&sr=1-7,https://www.amazon.com/Ushining-Unlocked-Senior-Charging-Seniors/dp/B08H4RFTNQ/ref=sr_1_7?crid=1Z7WUL3L50M5U&dchild=1&keywords=mobile+phone&qid=1609663940&refinements=p_36%3A14674873011&rnid=14674871011&s=wireless&sprefix=mobile%2Caps%2C440&sr=1-7,$55.98,55,98,Also available in RED,https://www.amazon.com/Ushining-Unlocked-Senior-Keypad-Charging/dp/B07NPMHSHD/ref=sr_1_7?crid=1Z7WUL3L50M5U&keywords=mobile+phone&qid=1609663961&refinements=p_36%3A14674873011&rnid=14674871011&s=wireless&sprefix=mobile%2Caps%2C440&sr=1-7,https://m.media-amazon.com/images/I/41UqUoa+sJL._AC_US40_.jpg,https://www.amazon.com/gp/offer-listing/B08H4RFTNQ/ref=sr_1_7_olp?rnid=14674871011&s=wireless&keywords=mobile+phone&crid=1Z7WUL3L50M5U&sprefix=mobile%2Caps%2C440&qid=1609663940&sr=1-7&refinements=p_36%3A14674873011&dchild=1,,More Buying Choices,$53.18,(2 used & new offers),
https://www.amazon.com/Smartphone-Ulefone-Armor-X6-Waterproof/dp/B082MGGCBC/ref=sr_1_8?crid=1Z7WUL3L50M5U&dchild=1&keywords=mobile+phone&qid=1609663940&refinements=p_36%3A14674873011&rnid=14674871011&s=wireless&sprefix=mobile%2Caps%2C440&sr=1-8,https://m.media-amazon.com/images/I/71+hpS4PY3L._AC_UY218_.jpg,https://www.amazon.com/Smartphone-Ulefone-Armor-X6-Waterproof/dp/B082MGGCBC/ref=sr_1_8?crid=1Z7WUL3L50M5U&dchild=1&keywords=mobile+phone&qid=1609663940&refinements=p_36%3A14674873011&rnid=14674871011&s=wireless&sprefix=mobile%2Caps%2C440&sr=1-8,"Rugged Smartphone Unlocked, Ulefone Armor X6 (2020) IP68 Waterproof Cell Phone, 5.0 inch, Android 9.0 2GB+16GB, 4000mAh Battery, Global 3G Dual SIM, LED Light, Face ID Compass+GPS Shockproof (Orange)",3.8 out of 5 stars,https://www.amazon.com/Smartphone-Ulefone-Armor-X6-Waterproof/dp/B082MGGCBC/ref=sr_1_8?crid=1Z7WUL3L50M5U&dchild=1&keywords=mobile+phone&qid=1609663940&refinements=p_36%3A14674873011&rnid=14674871011&s=wireless&sprefix=mobile%2Caps%2C440&sr=1-8#customerReviews,204,Orange,https://www.amazon.com/Smartphone-Ulefone-Armor-X6-Waterproof/dp/B082MGGCBC/ref=sr_1_8?crid=1Z7WUL3L50M5U&dchild=1&keywords=mobile+phone&qid=1609663940&refinements=p_36%3A14674873011&rnid=14674871011&s=wireless&sprefix=mobile%2Caps%2C440&sr=1-8,https://www.amazon.com/Smartphone-Ulefone-Armor-X6-Waterproof/dp/B082MGGCBC/ref=sr_1_8?crid=1Z7WUL3L50M5U&dchild=1&keywords=mobile+phone&qid=1609663940&refinements=p_36%3A14674873011&rnid=14674871011&s=wireless&sprefix=mobile%2Caps%2C440&sr=1-8,$99.99,99,99,Also available in Black,https://www.amazon.com/Ulefone-Armor-X6-Waterproof-Smartphone/dp/B082MGKLDF/ref=sr_1_8?crid=1Z7WUL3L50M5U&keywords=mobile+phone&qid=1609663961&refinements=p_36%3A14674873011&rnid=14674871011&s=wireless&sprefix=mobile%2Caps%2C440&sr=1-8,https://m.media-amazon.com/images/I/51OoEwGJyeL._AC_US40_.jpg,,,,,,Only 16 left in stock - order soon.
https://www.amazon.com/gp/slredirect/picassoRedirect.html/ref=pa_sp_mtf_mobile_sr_pg1_1?ie=UTF8&adId=A09512951BELPTTGWJ5MU&url=%2FUleway-Unlocked-Screen-ButtonT-Seniors%2Fdp%2FB08F79DD6F%2Fref%3Dsr_1_9_sspa%3Fcrid%3D1Z7WUL3L50M5U%26dchild%3D1%26keywords%3Dmobile%2Bphone%26qid%3D1609663940%26refinements%3Dp_36%253A14674873011%26rnid%3D14674871011%26s%3Dwireless%26sprefix%3Dmobile%252Caps%252C440%26sr%3D1-9-spons%26psc%3D1&qualifier=1609663961&id=2442598201235943&widgetName=sp_mtf,https://m.media-amazon.com/images/I/71Akz95RttL._AC_UY218_.jpg,https://www.amazon.com/s?k=mobile+phone&rh=n%3A7072561011%2Cp_36%3A14674873011&dc&crid=1Z7WUL3L50M5U&qid=1609663940&rnid=14674871011&sprefix=mobile%2Caps%2C440&ref=sr_nr_p_36_2#,Uleway Unlocked Flip Phone 3G Dual Screen SOS Big ButtonT Mobile Flip Phones Unlocked Easy to Use Basic Cell Phone for Seniors & Kids (Red),3.6 out of 5 stars,https://www.amazon.com/gp/slredirect/picassoRedirect.html/ref=pa_sp_mtf_mobile_sr_pg1_1?ie=UTF8&adId=A09512951BELPTTGWJ5MU&url=%2FUleway-Unlocked-Screen-ButtonT-Seniors%2Fdp%2FB08F79DD6F%2Fref%3Dsr_1_9_sspa%3Fcrid%3D1Z7WUL3L50M5U%26dchild%3D1%26keywords%3Dmobile%2Bphone%26qid%3D1609663940%26refinements%3Dp_36%253A14674873011%26rnid%3D14674871011%26s%3Dwireless%26sprefix%3Dmobile%252Caps%252C440%26sr%3D1-9-spons%26psc%3D1&qualifier=1609663961&id=2442598201235943&widgetName=sp_mtf,53,,https://www.amazon.com/gp/slredirect/picassoRedirect.html/ref=pa_sp_mtf_mobile_sr_pg1_1?ie=UTF8&adId=A09512951BELPTTGWJ5MU&url=%2FUleway-Unlocked-Screen-ButtonT-Seniors%2Fdp%2FB08F79DD6F%2Fref%3Dsr_1_9_sspa%3Fcrid%3D1Z7WUL3L50M5U%26dchild%3D1%26keywords%3Dmobile%2Bphone%26qid%3D1609663940%26refinements%3Dp_36%253A14674873011%26rnid%3D14674871011%26s%3Dwireless%26sprefix%3Dmobile%252Caps%252C440%26sr%3D1-9-spons%26psc%3D1&qualifier=1609663961&id=2442598201235943&widgetName=sp_mtf,,$53.99,53,99,,https://www.amazon.com/gp/slredirect/picassoRedirect.html/ref=pa_sp_mtf_mobile_sr_pg1_1?ie=UTF8&adId=A09512951BELPTTGWJ5MU&url=%2FUleway-Unlocked-Screen-ButtonT-Seniors%2Fdp%2FB08F79DD6F%2Fref%3Dsr_1_9_sspa%3Fcrid%3D1Z7WUL3L50M5U%26dchild%3D1%26keywords%3Dmobile%2Bphone%26qid%3D1609663940%26refinements%3Dp_36%253A14674873011%26rnid%3D14674871011%26s%3Dwireless%26sprefix%3Dmobile%252Caps%252C440%26sr%3D1-9-spons%26psc%3D1&qualifier=1609663961&id=2442598201235943&widgetName=sp_mtf#customerReviews,,,,,,Leave ad feedback,
https://www.amazon.com/Apobob-Unlocked-Smartphones-Smartphone-T-Mobile/dp/B08B3HKCPS/ref=sr_1_10?crid=1Z7WUL3L50M5U&dchild=1&keywords=mobile+phone&qid=1609663940&refinements=p_36%3A14674873011&rnid=14674871011&s=wireless&sprefix=mobile%2Caps%2C440&sr=1-10,https://m.media-amazon.com/images/I/61FBfIjKNAL._AC_UY218_.jpg,https://www.amazon.com/Apobob-Unlocked-Smartphones-Smartphone-T-Mobile/dp/B08B3HKCPS/ref=sr_1_10?crid=1Z7WUL3L50M5U&dchild=1&keywords=mobile+phone&qid=1609663940&refinements=p_36%3A14674873011&rnid=14674871011&s=wireless&sprefix=mobile%2Caps%2C440&sr=1-10,"Apobob Mate30 Unlocked Smartphones, 6.26 inch HD Smartphone, Android 9.0(AT&T/T-Mobile), Quad Rear Camera Phones, Dual SIM GSM Unlocked Cell Phones, 16GB+2GB RAM Mobile Phone, 2650 mAh Battery(Green)",3.3 out of 5 stars,https://www.amazon.com/Apobob-Unlocked-Smartphones-Smartphone-T-Mobile/dp/B08B3HKCPS/ref=sr_1_10?crid=1Z7WUL3L50M5U&dchild=1&keywords=mobile+phone&qid=1609663940&refinements=p_36%3A14674873011&rnid=14674871011&s=wireless&sprefix=mobile%2Caps%2C440&sr=1-10#customerReviews,20,Green,https://www.amazon.com/Apobob-Unlocked-Smartphones-Smartphone-T-Mobile/dp/B08B3HKCPS/ref=sr_1_10?crid=1Z7WUL3L50M5U&dchild=1&keywords=mobile+phone&qid=1609663940&refinements=p_36%3A14674873011&rnid=14674871011&s=wireless&sprefix=mobile%2Caps%2C440&sr=1-10,https://www.amazon.com/Apobob-Unlocked-Smartphones-Smartphone-T-Mobile/dp/B08B3HKCPS/ref=sr_1_10?crid=1Z7WUL3L50M5U&dchild=1&keywords=mobile+phone&qid=1609663940&refinements=p_36%3A14674873011&rnid=14674871011&s=wireless&sprefix=mobile%2Caps%2C440&sr=1-10,$90.99,90,99,Price may vary by color,https://www.amazon.com/Apobob-Unlocked-Smartphones-Smartphone-T-Mobile/dp/B08B38K7H2/ref=sr_1_10?crid=1Z7WUL3L50M5U&keywords=mobile+phone&qid=1609663961&refinements=p_36%3A14674873011&rnid=14674871011&s=wireless&sprefix=mobile%2Caps%2C440&sr=1-10,https://m.media-amazon.com/images/I/41ChJzLdAVL._AC_US40_.jpg,https://www.amazon.com/Apobob-Unlocked-Smartphones-Smartphone-T-Mobile/dp/B08B3L7TBF/ref=sr_1_10?crid=1Z7WUL3L50M5U&keywords=mobile+phone&qid=1609663961&refinements=p_36%3A14674873011&rnid=14674871011&s=wireless&sprefix=mobile%2Caps%2C440&sr=1-10,https://m.media-amazon.com/images/I/41SkFr4kg4L._AC_US40_.jpg,,,,
https://www.amazon.com/Jethro-SC490-Unlocked-Compatible-Certified/dp/B08D71WXYN/ref=sr_1_11?crid=1Z7WUL3L50M5U&dchild=1&keywords=mobile+phone&qid=1609663940&refinements=p_36%3A14674873011&rnid=14674871011&s=wireless&sprefix=mobile%2Caps%2C440&sr=1-11,https://m.media-amazon.com/images/I/718nVc9M8iL._AC_UY218_.jpg,https://www.amazon.com/Jethro-SC490-Unlocked-Compatible-Certified/dp/B08D71WXYN/ref=sr_1_11?crid=1Z7WUL3L50M5U&dchild=1&keywords=mobile+phone&qid=1609663940&refinements=p_36%3A14674873011&rnid=14674871011&s=wireless&sprefix=mobile%2Caps%2C440&sr=1-11,"Jethro [SC490] 4G/LTE Unlocked Bar Style Cell Phone for Seniors & Kids, Big Screen and Large Buttons, Hearing Aid Compatible with Charging Dock, FCC Certified.",3.6 out of 5 stars,https://www.amazon.com/Jethro-SC490-Unlocked-Compatible-Certified/dp/B08D71WXYN/ref=sr_1_11?crid=1Z7WUL3L50M5U&dchild=1&keywords=mobile+phone&qid=1609663940&refinements=p_36%3A14674873011&rnid=14674871011&s=wireless&sprefix=mobile%2Caps%2C440&sr=1-11#customerReviews,40,,,https://www.amazon.com/Jethro-SC490-Unlocked-Compatible-Certified/dp/B08D71WXYN/ref=sr_1_11?crid=1Z7WUL3L50M5U&dchild=1&keywords=mobile+phone&qid=1609663940&refinements=p_36%3A14674873011&rnid=14674871011&s=wireless&sprefix=mobile%2Caps%2C440&sr=1-11,$79.99,79,99,,,,,,,,,Only 1 left in stock - order soon.
https://www.amazon.com/Motorola-Moto-Factory-Unlocked-Phone/dp/B07G7N1MD2/ref=sr_1_12?crid=1Z7WUL3L50M5U&dchild=1&keywords=mobile+phone&qid=1609663940&refinements=p_36%3A14674873011&rnid=14674871011&s=wireless&sprefix=mobile%2Caps%2C440&sr=1-12,https://m.media-amazon.com/images/I/71sC4ky-BAL._AC_UY218_.jpg,https://www.amazon.com/Motorola-Moto-Factory-Unlocked-Phone/dp/B07G7N1MD2/ref=sr_1_12?crid=1Z7WUL3L50M5U&dchild=1&keywords=mobile+phone&qid=1609663940&refinements=p_36%3A14674873011&rnid=14674871011&s=wireless&sprefix=mobile%2Caps%2C440&sr=1-12,"Motorola e5 Play 16GB Smartphone , Black",3.8 out of 5 stars,https://www.amazon.com/Motorola-Moto-Factory-Unlocked-Phone/dp/B07G7N1MD2/ref=sr_1_12?crid=1Z7WUL3L50M5U&dchild=1&keywords=mobile+phone&qid=1609663940&refinements=p_36%3A14674873011&rnid=14674871011&s=wireless&sprefix=mobile%2Caps%2C440&sr=1-12#customerReviews,113,Black,https://www.amazon.com/Motorola-Moto-Factory-Unlocked-Phone/dp/B07G7N1MD2/ref=sr_1_12?crid=1Z7WUL3L50M5U&dchild=1&keywords=mobile+phone&qid=1609663940&refinements=p_36%3A14674873011&rnid=14674871011&s=wireless&sprefix=mobile%2Caps%2C440&sr=1-12,https://www.amazon.com/Motorola-Moto-Factory-Unlocked-Phone/dp/B07G7N1MD2/ref=sr_1_12?crid=1Z7WUL3L50M5U&dchild=1&keywords=mobile+phone&qid=1609663940&refinements=p_36%3A14674873011&rnid=14674871011&s=wireless&sprefix=mobile%2Caps%2C440&sr=1-12,$99.93,99,93,,,,https://www.amazon.com/gp/offer-listing/B07G7N1MD2/ref=sr_1_12_olp?rnid=14674871011&s=wireless&keywords=mobile+phone&crid=1Z7WUL3L50M5U&sprefix=mobile%2Caps%2C440&qid=1609663940&sr=1-12&refinements=p_36%3A14674873011&dchild=1,,More Buying Choices,$64.50,(12 used & new offers),Only 1 left in stock - order soon.
https://www.amazon.com/Unlocked-X20-Pro-Y-Smartphone-6-11-inch-Full-Screen/dp/B0828V9PT6/ref=sr_1_13?crid=1Z7WUL3L50M5U&dchild=1&keywords=mobile+phone&qid=1609663940&refinements=p_36%3A14674873011&rnid=14674871011&s=wireless&sprefix=mobile%2Caps%2C440&sr=1-13,https://m.media-amazon.com/images/I/41Genbr9FmL._AC_UY218_.jpg,https://www.amazon.com/Unlocked-X20-Pro-Y-Smartphone-6-11-inch-Full-Screen/dp/B0828V9PT6/ref=sr_1_13?crid=1Z7WUL3L50M5U&dchild=1&keywords=mobile+phone&qid=1609663940&refinements=p_36%3A14674873011&rnid=14674871011&s=wireless&sprefix=mobile%2Caps%2C440&sr=1-13,"Unlocked cell phone , X20Pro-Y Android smartphone , 6.11-inch IPS Full-Screen , 3GWCDMA : 850/2100MHZ Frequency band , 2GB RAM 16GB ROM, 8MP+8MP , 3800mAh battery (black)",3.5 out of 5 stars,https://www.amazon.com/Unlocked-X20-Pro-Y-Smartphone-6-11-inch-Full-Screen/dp/B0828V9PT6/ref=sr_1_13?crid=1Z7WUL3L50M5U&dchild=1&keywords=mobile+phone&qid=1609663940&refinements=p_36%3A14674873011&rnid=14674871011&s=wireless&sprefix=mobile%2Caps%2C440&sr=1-13#customerReviews,19,Wireless Phone Accessory,https://www.amazon.com/Unlocked-X20-Pro-Y-Smartphone-6-11-inch-Full-Screen/dp/B0828V9PT6/ref=sr_1_13?crid=1Z7WUL3L50M5U&dchild=1&keywords=mobile+phone&qid=1609663940&refinements=p_36%3A14674873011&rnid=14674871011&s=wireless&sprefix=mobile%2Caps%2C440&sr=1-13,https://www.amazon.com/Unlocked-X20-Pro-Y-Smartphone-6-11-inch-Full-Screen/dp/B0828V9PT6/ref=sr_1_13?crid=1Z7WUL3L50M5U&dchild=1&keywords=mobile+phone&qid=1609663940&refinements=p_36%3A14674873011&rnid=14674871011&s=wireless&sprefix=mobile%2Caps%2C440&sr=1-13,$72.99,72,99,,,,,,,,,
https://www.amazon.com/gp/slredirect/picassoRedirect.html/ref=pa_sp_mtf_mobile_sr_pg1_1?ie=UTF8&adId=A0877862E72J2TWEAFAT&url=%2FUlefone-Unlocked-Smartphone-Quad-core-Waterdrop%2Fdp%2FB08DG2F7H1%2Fref%3Dsr_1_14_sspa%3Fcrid%3D1Z7WUL3L50M5U%26dchild%3D1%26keywords%3Dmobile%2Bphone%26qid%3D1609663940%26refinements%3Dp_36%253A14674873011%26rnid%3D14674871011%26s%3Dwireless%26sprefix%3Dmobile%252Caps%252C440%26sr%3D1-14-spons%26psc%3D1&qualifier=1609663961&id=2442598201235943&widgetName=sp_mtf,https://m.media-amazon.com/images/I/51Ei9chFEaL._AC_UY218_.jpg,https://www.amazon.com/s?k=mobile+phone&rh=n%3A7072561011%2Cp_36%3A14674873011&dc&crid=1Z7WUL3L50M5U&qid=1609663940&rnid=14674871011&sprefix=mobile%2Caps%2C440&ref=sr_nr_p_36_2#,"Ulefone Note 8 (2020) GSM 3G Unlocked Smartphone, Android 10 Quad-core 2GB+16GB, Triple Card Slots 5.5 inch Waterdrop Screen, Dual SIM Unlocked Cell Phones, 5MP+2MP Rear Camera, 2700mAh - Orange",3.5 out of 5 stars,https://www.amazon.com/gp/slredirect/picassoRedirect.html/ref=pa_sp_mtf_mobile_sr_pg1_1?ie=UTF8&adId=A0877862E72J2TWEAFAT&url=%2FUlefone-Unlocked-Smartphone-Quad-core-Waterdrop%2Fdp%2FB08DG2F7H1%2Fref%3Dsr_1_14_sspa%3Fcrid%3D1Z7WUL3L50M5U%26dchild%3D1%26keywords%3Dmobile%2Bphone%26qid%3D1609663940%26refinements%3Dp_36%253A14674873011%26rnid%3D14674871011%26s%3Dwireless%26sprefix%3Dmobile%252Caps%252C440%26sr%3D1-14-spons%26psc%3D1&qualifier=1609663961&id=2442598201235943&widgetName=sp_mtf,227,,https://www.amazon.com/gp/slredirect/picassoRedirect.html/ref=pa_sp_mtf_mobile_sr_pg1_1?ie=UTF8&adId=A0877862E72J2TWEAFAT&url=%2FUlefone-Unlocked-Smartphone-Quad-core-Waterdrop%2Fdp%2FB08DG2F7H1%2Fref%3Dsr_1_14_sspa%3Fcrid%3D1Z7WUL3L50M5U%26dchild%3D1%26keywords%3Dmobile%2Bphone%26qid%3D1609663940%26refinements%3Dp_36%253A14674873011%26rnid%3D14674871011%26s%3Dwireless%26sprefix%3Dmobile%252Caps%252C440%26sr%3D1-14-spons%26psc%3D1&qualifier=1609663961&id=2442598201235943&widgetName=sp_mtf,,$80.99,80,99,,https://www.amazon.com/gp/slredirect/picassoRedirect.html/ref=pa_sp_mtf_mobile_sr_pg1_1?ie=UTF8&adId=A0877862E72J2TWEAFAT&url=%2FUlefone-Unlocked-Smartphone-Quad-core-Waterdrop%2Fdp%2FB08DG2F7H1%2Fref%3Dsr_1_14_sspa%3Fcrid%3D1Z7WUL3L50M5U%26dchild%3D1%26keywords%3Dmobile%2Bphone%26qid%3D1609663940%26refinements%3Dp_36%253A14674873011%26rnid%3D14674871011%26s%3Dwireless%26sprefix%3Dmobile%252Caps%252C440%26sr%3D1-14-spons%26psc%3D1&qualifier=1609663961&id=2442598201235943&widgetName=sp_mtf#customerReviews,,,,,,Leave ad feedback,
https://www.amazon.com/Ulefone-Note-Quad-core-Expansion-Waterdrop/dp/B08FCDMNXH/ref=sr_1_15?crid=1Z7WUL3L50M5U&dchild=1&keywords=mobile+phone&qid=1609663940&refinements=p_36%3A14674873011&rnid=14674871011&s=wireless&sprefix=mobile%2Caps%2C440&sr=1-15,https://m.media-amazon.com/images/I/613ERVWdYTL._AC_UY218_.jpg,https://www.amazon.com/Ulefone-Note-Quad-core-Expansion-Waterdrop/dp/B08FCDMNXH/ref=sr_1_15?crid=1Z7WUL3L50M5U&dchild=1&keywords=mobile+phone&qid=1609663940&refinements=p_36%3A14674873011&rnid=14674871011&s=wireless&sprefix=mobile%2Caps%2C440&sr=1-15,"Ulefone Note 8 (2020) 3G Unlocked Cell Phone, Android 10 Quad-core 2GB+16GB Expansion 128GB, 5.5 Inch Waterdrop Screen, 5MP+2MP+2MP Camera, Dual SIM 2700mAh Battery Unlocked mobile phone, GPS, Face ID",3.6 out of 5 stars,https://www.amazon.com/Ulefone-Note-Quad-core-Expansion-Waterdrop/dp/B08FCDMNXH/ref=sr_1_15?crid=1Z7WUL3L50M5U&dchild=1&keywords=mobile+phone&qid=1609663940&refinements=p_36%3A14674873011&rnid=14674871011&s=wireless&sprefix=mobile%2Caps%2C440&sr=1-15#customerReviews,134,Red,https://www.amazon.com/Ulefone-Note-Quad-core-Expansion-Waterdrop/dp/B08FCDMNXH/ref=sr_1_15?crid=1Z7WUL3L50M5U&dchild=1&keywords=mobile+phone&qid=1609663940&refinements=p_36%3A14674873011&rnid=14674871011&s=wireless&sprefix=mobile%2Caps%2C440&sr=1-15,https://www.amazon.com/Ulefone-Note-Quad-core-Expansion-Waterdrop/dp/B08FCDMNXH/ref=sr_1_15?crid=1Z7WUL3L50M5U&dchild=1&keywords=mobile+phone&qid=1609663940&refinements=p_36%3A14674873011&rnid=14674871011&s=wireless&sprefix=mobile%2Caps%2C440&sr=1-15,$80.99,80,99,,https://www.amazon.com/Ulefone-Note-Quad-core-Expansion-Waterdrop/dp/B08FCFQPNJ/ref=sr_1_15?crid=1Z7WUL3L50M5U&keywords=mobile+phone&qid=1609663961&refinements=p_36%3A14674873011&rnid=14674871011&s=wireless&sprefix=mobile%2Caps%2C440&sr=1-15,https://m.media-amazon.com/images/I/518FErN1hPL._AC_US40_.jpg,https://www.amazon.com/Ulefone-Note-Smartphone-Quad-core-Expansion/dp/B08FCF3LP3/ref=sr_1_15?crid=1Z7WUL3L50M5U&keywords=mobile+phone&qid=1609663961&refinements=p_36%3A14674873011&rnid=14674871011&s=wireless&sprefix=mobile%2Caps%2C440&sr=1-15,https://m.media-amazon.com/images/I/51Q5U8sUM2L._AC_US40_.jpg,,,,Only 8 left in stock - order soon.
https://www.amazon.com/Tracfone-Samsung-Galaxy-Prepaid-Smartphone/dp/B07Y5R57FS/ref=sr_1_16?crid=1Z7WUL3L50M5U&dchild=1&keywords=mobile+phone&qid=1609663940&refinements=p_36%3A14674873011&rnid=14674871011&s=wireless&sprefix=mobile%2Caps%2C440&sr=1-16,https://m.media-amazon.com/images/I/81KxWoZvzhL._AC_UY218_.jpg,https://www.amazon.com/Tracfone-Samsung-Galaxy-Prepaid-Smartphone/dp/B07Y5R57FS/ref=sr_1_16?crid=1Z7WUL3L50M5U&dchild=1&keywords=mobile+phone&qid=1609663940&refinements=p_36%3A14674873011&rnid=14674871011&s=wireless&sprefix=mobile%2Caps%2C440&sr=1-16,Tracfone Samsung Galaxy A10e 4G LTE Prepaid Smartphone (Locked) - Black - 32GB - SIM Card Included - CDMA,4.4 out of 5 stars,https://www.amazon.com/Tracfone-Samsung-Galaxy-Prepaid-Smartphone/dp/B07Y5R57FS/ref=sr_1_16?crid=1Z7WUL3L50M5U&dchild=1&keywords=mobile+phone&qid=1609663940&refinements=p_36%3A14674873011&rnid=14674871011&s=wireless&sprefix=mobile%2Caps%2C440&sr=1-16#customerReviews,"1,175",Electronics,https://www.amazon.com/Tracfone-Samsung-Galaxy-Prepaid-Smartphone/dp/B07Y5R57FS/ref=sr_1_16?crid=1Z7WUL3L50M5U&dchild=1&keywords=mobile+phone&qid=1609663940&refinements=p_36%3A14674873011&rnid=14674871011&s=wireless&sprefix=mobile%2Caps%2C440&sr=1-16,https://www.amazon.com/Tracfone-Samsung-Galaxy-Prepaid-Smartphone/dp/B07Y5R57FS/ref=sr_1_16?crid=1Z7WUL3L50M5U&dchild=1&keywords=mobile+phone&qid=1609663940&refinements=p_36%3A14674873011&rnid=14674871011&s=wireless&sprefix=mobile%2Caps%2C440&sr=1-16,$89.00,89,00,,,,https://www.amazon.com/gp/offer-listing/B07Y5R57FS/ref=sr_1_16_olp?rnid=14674871011&s=wireless&keywords=mobile+phone&crid=1Z7WUL3L50M5U&sprefix=mobile%2Caps%2C440&qid=1609663940&sr=1-16&refinements=p_36%3A14674873011&dchild=1,,More Buying Choices,$79.99,(23 new offers),
https://www.amazon.com/Unlocked-Phones%EF%BC%8Caderroo-R4%EF%BC%8CAndroid-Smartphone-Full-Screen%EF%BC%8C/dp/B08M3LBH8F/ref=sr_1_17?crid=1Z7WUL3L50M5U&dchild=1&keywords=mobile+phone&qid=1609663940&refinements=p_36%3A14674873011&rnid=14674871011&s=wireless&sprefix=mobile%2Caps%2C440&sr=1-17,https://m.media-amazon.com/images/I/41y+oPhasrL._AC_UY218_.jpg,https://www.amazon.com/Unlocked-Phones%EF%BC%8Caderroo-R4%EF%BC%8CAndroid-Smartphone-Full-Screen%EF%BC%8C/dp/B08M3LBH8F/ref=sr_1_17?crid=1Z7WUL3L50M5U&dchild=1&keywords=mobile+phone&qid=1609663940&refinements=p_36%3A14674873011&rnid=14674871011&s=wireless&sprefix=mobile%2Caps%2C440&sr=1-17,"Unlocked Cell Phones，aderroo R4，Android Smartphone ，6.53 inch IPS Full-Screen， 3GWCDMA: 850/2100/MHZ SIM Card Band, 1GB RAM 16GB ROM, 2MP+5MP, 2800mAh ，Unlocked Phones (Blue)",3.0 out of 5 stars,https://www.amazon.com/Unlocked-Phones%EF%BC%8Caderroo-R4%EF%BC%8CAndroid-Smartphone-Full-Screen%EF%BC%8C/dp/B08M3LBH8F/ref=sr_1_17?crid=1Z7WUL3L50M5U&dchild=1&keywords=mobile+phone&qid=1609663940&refinements=p_36%3A14674873011&rnid=14674871011&s=wireless&sprefix=mobile%2Caps%2C440&sr=1-17#customerReviews,2,blue,https://www.amazon.com/Unlocked-Phones%EF%BC%8Caderroo-R4%EF%BC%8CAndroid-Smartphone-Full-Screen%EF%BC%8C/dp/B08M3LBH8F/ref=sr_1_17?crid=1Z7WUL3L50M5U&dchild=1&keywords=mobile+phone&qid=1609663940&refinements=p_36%3A14674873011&rnid=14674871011&s=wireless&sprefix=mobile%2Caps%2C440&sr=1-17,https://www.amazon.com/Unlocked-Phones%EF%BC%8Caderroo-R4%EF%BC%8CAndroid-Smartphone-Full-Screen%EF%BC%8C/dp/B08M3LBH8F/ref=sr_1_17?crid=1Z7WUL3L50M5U&dchild=1&keywords=mobile+phone&qid=1609663940&refinements=p_36%3A14674873011&rnid=14674871011&s=wireless&sprefix=mobile%2Caps%2C440&sr=1-17,$70.99,70,99,,https://www.amazon.com/Unlocked-Phones%EF%BC%8Caderroo-R4%EF%BC%8CAndroid-Smartphone-Full-Screen%EF%BC%8C/dp/B08M383W88/ref=sr_1_17?crid=1Z7WUL3L50M5U&keywords=mobile+phone&qid=1609663961&refinements=p_36%3A14674873011&rnid=14674871011&s=wireless&sprefix=mobile%2Caps%2C440&sr=1-17,https://m.media-amazon.com/images/I/41h1mWi9oBL._AC_US40_.jpg,https://www.amazon.com/Unlocked-Phones%EF%BC%8Caderroo-R4%EF%BC%8CAndroid-Smartphone-Full-Screen%EF%BC%8C/dp/B08M31NVR4/ref=sr_1_17?crid=1Z7WUL3L50M5U&keywords=mobile+phone&qid=1609663961&refinements=p_36%3A14674873011&rnid=14674871011&s=wireless&sprefix=mobile%2Caps%2C440&sr=1-17,https://m.media-amazon.com/images/I/41bRCew7jjL._AC_US40_.jpg,,,,
https://www.amazon.com/Total-Wireless-Motorola-Prepaid-Smartphone/dp/B088NGCRN8/ref=sr_1_18?crid=1Z7WUL3L50M5U&dchild=1&keywords=mobile+phone&qid=1609663940&refinements=p_36%3A14674873011&rnid=14674871011&s=wireless&sprefix=mobile%2Caps%2C440&sr=1-18,https://m.media-amazon.com/images/I/71o3mb2eJuL._AC_UY218_.jpg,https://www.amazon.com/Total-Wireless-Motorola-Prepaid-Smartphone/dp/B088NGCRN8/ref=sr_1_18?crid=1Z7WUL3L50M5U&dchild=1&keywords=mobile+phone&qid=1609663940&refinements=p_36%3A14674873011&rnid=14674871011&s=wireless&sprefix=mobile%2Caps%2C440&sr=1-18,Total Wireless Motorola Moto G7 Optimo Maxx 4G LTE Prepaid Smartphone (Locked) - Black - 32GB - Sim Card Included - CDMA,4.8 out of 5 stars,https://www.amazon.com/Total-Wireless-Motorola-Prepaid-Smartphone/dp/B088NGCRN8/ref=sr_1_18?crid=1Z7WUL3L50M5U&dchild=1&keywords=mobile+phone&qid=1609663940&refinements=p_36%3A14674873011&rnid=14674871011&s=wireless&sprefix=mobile%2Caps%2C440&sr=1-18#customerReviews,54,Electronics,https://www.amazon.com/Total-Wireless-Motorola-Prepaid-Smartphone/dp/B088NGCRN8/ref=sr_1_18?crid=1Z7WUL3L50M5U&dchild=1&keywords=mobile+phone&qid=1609663940&refinements=p_36%3A14674873011&rnid=14674871011&s=wireless&sprefix=mobile%2Caps%2C440&sr=1-18,https://www.amazon.com/Total-Wireless-Motorola-Prepaid-Smartphone/dp/B088NGCRN8/ref=sr_1_18?crid=1Z7WUL3L50M5U&dchild=1&keywords=mobile+phone&qid=1609663940&refinements=p_36%3A14674873011&rnid=14674871011&s=wireless&sprefix=mobile%2Caps%2C440&sr=1-18,$79.99,79,99,,,,,,,,,
https://www.amazon.com/gp/slredirect/picassoRedirect.html/ref=pa_sp_btf_mobile_sr_pg1_1?ie=UTF8&adId=A03498244MES9XVXQVSE&url=%2FUleway-Senior-Unlocked-Tmobile-Charging%2Fdp%2FB088GWV78X%2Fref%3Dsr_1_19_sspa%3Fcrid%3D1Z7WUL3L50M5U%26dchild%3D1%26keywords%3Dmobile%2Bphone%26qid%3D1609663940%26refinements%3Dp_36%253A14674873011%26rnid%3D14674871011%26s%3Dwireless%26sprefix%3Dmobile%252Caps%252C440%26sr%3D1-19-spons%26psc%3D1&qualifier=1609663961&id=2442598201235943&widgetName=sp_btf,https://m.media-amazon.com/images/I/71st6OCHlGL._AC_UY218_.jpg,https://www.amazon.com/s?k=mobile+phone&rh=n%3A7072561011%2Cp_36%3A14674873011&dc&crid=1Z7WUL3L50M5U&qid=1609663940&rnid=14674871011&sprefix=mobile%2Caps%2C440&ref=sr_nr_p_36_2#,Uleway 3G Senior Flip Phone Unlocked with SOS Big Button T Mobile Flip Phone 2.8 Inch Screen GSM Flip Phone Large Button Large Volume Basic Cell Phones with Charging Dock(Black),3.8 out of 5 stars,https://www.amazon.com/gp/slredirect/picassoRedirect.html/ref=pa_sp_btf_mobile_sr_pg1_1?ie=UTF8&adId=A03498244MES9XVXQVSE&url=%2FUleway-Senior-Unlocked-Tmobile-Charging%2Fdp%2FB088GWV78X%2Fref%3Dsr_1_19_sspa%3Fcrid%3D1Z7WUL3L50M5U%26dchild%3D1%26keywords%3Dmobile%2Bphone%26qid%3D1609663940%26refinements%3Dp_36%253A14674873011%26rnid%3D14674871011%26s%3Dwireless%26sprefix%3Dmobile%252Caps%252C440%26sr%3D1-19-spons%26psc%3D1&qualifier=1609663961&id=2442598201235943&widgetName=sp_btf,37,,https://www.amazon.com/gp/slredirect/picassoRedirect.html/ref=pa_sp_btf_mobile_sr_pg1_1?ie=UTF8&adId=A03498244MES9XVXQVSE&url=%2FUleway-Senior-Unlocked-Tmobile-Charging%2Fdp%2FB088GWV78X%2Fref%3Dsr_1_19_sspa%3Fcrid%3D1Z7WUL3L50M5U%26dchild%3D1%26keywords%3Dmobile%2Bphone%26qid%3D1609663940%26refinements%3Dp_36%253A14674873011%26rnid%3D14674871011%26s%3Dwireless%26sprefix%3Dmobile%252Caps%252C440%26sr%3D1-19-spons%26psc%3D1&qualifier=1609663961&id=2442598201235943&widgetName=sp_btf,,$57.98,57,98,,https://www.amazon.com/gp/slredirect/picassoRedirect.html/ref=pa_sp_btf_mobile_sr_pg1_1?ie=UTF8&adId=A03498244MES9XVXQVSE&url=%2FUleway-Senior-Unlocked-Tmobile-Charging%2Fdp%2FB088GWV78X%2Fref%3Dsr_1_19_sspa%3Fcrid%3D1Z7WUL3L50M5U%26dchild%3D1%26keywords%3Dmobile%2Bphone%26qid%3D1609663940%26refinements%3Dp_36%253A14674873011%26rnid%3D14674871011%26s%3Dwireless%26sprefix%3Dmobile%252Caps%252C440%26sr%3D1-19-spons%26psc%3D1&qualifier=1609663961&id=2442598201235943&widgetName=sp_btf#customerReviews,,,,,,Leave ad feedback,
https://www.amazon.com/gp/slredirect/picassoRedirect.html/ref=pa_sp_btf_mobile_sr_pg1_1?ie=UTF8&adId=A03617963L209YWDL29TX&url=%2FZTE-Connect-Anywhere-Unlocked-Card-Contact%2Fdp%2FB08K1STNWK%2Fref%3Dsr_1_20_sspa%3Fcrid%3D1Z7WUL3L50M5U%26dchild%3D1%26keywords%3Dmobile%2Bphone%26qid%3D1609663940%26refinements%3Dp_36%253A14674873011%26rnid%3D14674871011%26s%3Dwireless%26sprefix%3Dmobile%252Caps%252C440%26sr%3D1-20-spons%26psc%3D1&qualifier=1609663961&id=2442598201235943&widgetName=sp_btf,https://m.media-amazon.com/images/I/61prZtZ36hL._AC_UY218_.jpg,https://www.amazon.com/s?k=mobile+phone&rh=n%3A7072561011%2Cp_36%3A14674873011&dc&crid=1Z7WUL3L50M5U&qid=1609663940&rnid=14674871011&sprefix=mobile%2Caps%2C440&ref=sr_nr_p_36_2#,ZTE ZMAX Connect Mobile Hotspot 4G LTE | Connect Up to 10 Devices | Create WLAN Anywhere | Unlocked to Use Any Sim Card-Contact Your Carrier for Data Plan,4.6 out of 5 stars,https://www.amazon.com/gp/slredirect/picassoRedirect.html/ref=pa_sp_btf_mobile_sr_pg1_1?ie=UTF8&adId=A03617963L209YWDL29TX&url=%2FZTE-Connect-Anywhere-Unlocked-Card-Contact%2Fdp%2FB08K1STNWK%2Fref%3Dsr_1_20_sspa%3Fcrid%3D1Z7WUL3L50M5U%26dchild%3D1%26keywords%3Dmobile%2Bphone%26qid%3D1609663940%26refinements%3Dp_36%253A14674873011%26rnid%3D14674871011%26s%3Dwireless%26sprefix%3Dmobile%252Caps%252C440%26sr%3D1-20-spons%26psc%3D1&qualifier=1609663961&id=2442598201235943&widgetName=sp_btf,5,Wireless Phone Accessory,https://www.amazon.com/gp/slredirect/picassoRedirect.html/ref=pa_sp_btf_mobile_sr_pg1_1?ie=UTF8&adId=A03617963L209YWDL29TX&url=%2FZTE-Connect-Anywhere-Unlocked-Card-Contact%2Fdp%2FB08K1STNWK%2Fref%3Dsr_1_20_sspa%3Fcrid%3D1Z7WUL3L50M5U%26dchild%3D1%26keywords%3Dmobile%2Bphone%26qid%3D1609663940%26refinements%3Dp_36%253A14674873011%26rnid%3D14674871011%26s%3Dwireless%26sprefix%3Dmobile%252Caps%252C440%26sr%3D1-20-spons%26psc%3D1&qualifier=1609663961&id=2442598201235943&widgetName=sp_btf,https://www.amazon.com/gp/slredirect/picassoRedirect.html/ref=pa_sp_btf_mobile_sr_pg1_1?ie=UTF8&adId=A03617963L209YWDL29TX&url=%2FZTE-Connect-Anywhere-Unlocked-Card-Contact%2Fdp%2FB08K1STNWK%2Fref%3Dsr_1_20_sspa%3Fcrid%3D1Z7WUL3L50M5U%26dchild%3D1%26keywords%3Dmobile%2Bphone%26qid%3D1609663940%26refinements%3Dp_36%253A14674873011%26rnid%3D14674871011%26s%3Dwireless%26sprefix%3Dmobile%252Caps%252C440%26sr%3D1-20-spons%26psc%3D1&qualifier=1609663961&id=2442598201235943&widgetName=sp_btf,$64.99,64,99,,https://www.amazon.com/gp/slredirect/picassoRedirect.html/ref=pa_sp_btf_mobile_sr_pg1_1?ie=UTF8&adId=A03617963L209YWDL29TX&url=%2FZTE-Connect-Anywhere-Unlocked-Card-Contact%2Fdp%2FB08K1STNWK%2Fref%3Dsr_1_20_sspa%3Fcrid%3D1Z7WUL3L50M5U%26dchild%3D1%26keywords%3Dmobile%2Bphone%26qid%3D1609663940%26refinements%3Dp_36%253A14674873011%26rnid%3D14674871011%26s%3Dwireless%26sprefix%3Dmobile%252Caps%252C440%26sr%3D1-20-spons%26psc%3D1&qualifier=1609663961&id=2442598201235943&widgetName=sp_btf#customerReviews,,,,,,Leave ad feedback,
https://www.amazon.com/gp/slredirect/picassoRedirect.html/ref=pa_sp_btf_mobile_sr_pg1_1?ie=UTF8&adId=A01548592I5RT3LG6W58R&url=%2FUnlocked-Seniors-Uleway-Button-Elderly%2Fdp%2FB08FBVVYJP%2Fref%3Dsr_1_21_sspa%3Fcrid%3D1Z7WUL3L50M5U%26dchild%3D1%26keywords%3Dmobile%2Bphone%26qid%3D1609663940%26refinements%3Dp_36%253A14674873011%26rnid%3D14674871011%26s%3Dwireless%26sprefix%3Dmobile%252Caps%252C440%26sr%3D1-21-spons%26psc%3D1&qualifier=1609663961&id=2442598201235943&widgetName=sp_btf,https://m.media-amazon.com/images/I/51jAn1Czq6L._AC_UY218_.jpg,https://www.amazon.com/s?k=mobile+phone&rh=n%3A7072561011%2Cp_36%3A14674873011&dc&crid=1Z7WUL3L50M5U&qid=1609663940&rnid=14674871011&sprefix=mobile%2Caps%2C440&ref=sr_nr_p_36_2#,"Unlocked 3G Seniors Flip Cell Phone, Uleway Dual SIM Card Big Button Easy-to-Use Mobile Phone for Elderly (Blue)",3.2 out of 5 stars,https://www.amazon.com/gp/slredirect/picassoRedirect.html/ref=pa_sp_btf_mobile_sr_pg1_1?ie=UTF8&adId=A01548592I5RT3LG6W58R&url=%2FUnlocked-Seniors-Uleway-Button-Elderly%2Fdp%2FB08FBVVYJP%2Fref%3Dsr_1_21_sspa%3Fcrid%3D1Z7WUL3L50M5U%26dchild%3D1%26keywords%3Dmobile%2Bphone%26qid%3D1609663940%26refinements%3Dp_36%253A14674873011%26rnid%3D14674871011%26s%3Dwireless%26sprefix%3Dmobile%252Caps%252C440%26sr%3D1-21-spons%26psc%3D1&qualifier=1609663961&id=2442598201235943&widgetName=sp_btf,46,,https://www.amazon.com/gp/slredirect/picassoRedirect.html/ref=pa_sp_btf_mobile_sr_pg1_1?ie=UTF8&adId=A01548592I5RT3LG6W58R&url=%2FUnlocked-Seniors-Uleway-Button-Elderly%2Fdp%2FB08FBVVYJP%2Fref%3Dsr_1_21_sspa%3Fcrid%3D1Z7WUL3L50M5U%26dchild%3D1%26keywords%3Dmobile%2Bphone%26qid%3D1609663940%26refinements%3Dp_36%253A14674873011%26rnid%3D14674871011%26s%3Dwireless%26sprefix%3Dmobile%252Caps%252C440%26sr%3D1-21-spons%26psc%3D1&qualifier=1609663961&id=2442598201235943&widgetName=sp_btf,,$53.99,53,99,,https://www.amazon.com/gp/slredirect/picassoRedirect.html/ref=pa_sp_btf_mobile_sr_pg1_1?ie=UTF8&adId=A01548592I5RT3LG6W58R&url=%2FUnlocked-Seniors-Uleway-Button-Elderly%2Fdp%2FB08FBVVYJP%2Fref%3Dsr_1_21_sspa%3Fcrid%3D1Z7WUL3L50M5U%26dchild%3D1%26keywords%3Dmobile%2Bphone%26qid%3D1609663940%26refinements%3Dp_36%253A14674873011%26rnid%3D14674871011%26s%3Dwireless%26sprefix%3Dmobile%252Caps%252C440%26sr%3D1-21-spons%26psc%3D1&qualifier=1609663961&id=2442598201235943&widgetName=sp_btf#customerReviews,,,,,,Leave ad feedback,
https://www.amazon.com/Unlocked-Android-Smartphone-6-26inch-Full-Screen/dp/B089PZ29XV/ref=sr_1_22?crid=1Z7WUL3L50M5U&dchild=1&keywords=mobile+phone&qid=1609663940&refinements=p_36%3A14674873011&rnid=14674871011&s=wireless&sprefix=mobile%2Caps%2C440&sr=1-22,https://m.media-amazon.com/images/I/611RGFIZuHL._AC_UY218_.jpg,https://www.amazon.com/Unlocked-Android-Smartphone-6-26inch-Full-Screen/dp/B089PZ29XV/ref=sr_1_22?crid=1Z7WUL3L50M5U&dchild=1&keywords=mobile+phone&qid=1609663940&refinements=p_36%3A14674873011&rnid=14674871011&s=wireless&sprefix=mobile%2Caps%2C440&sr=1-22,"Unlocked Cell Phone, P40PRO+ Android Smartphone, 6.26inch IPS Full-Screen, 3GWCDMA: 850/2100MHZ SIM Card Band, 2GB RAM 16GB ROM, 8MP+8MP, 3800mAh (Blue)",3.5 out of 5 stars,https://www.amazon.com/Unlocked-Android-Smartphone-6-26inch-Full-Screen/dp/B089PZ29XV/ref=sr_1_22?crid=1Z7WUL3L50M5U&dchild=1&keywords=mobile+phone&qid=1609663940&refinements=p_36%3A14674873011&rnid=14674871011&s=wireless&sprefix=mobile%2Caps%2C440&sr=1-22#customerReviews,12,blue,https://www.amazon.com/Unlocked-Android-Smartphone-6-26inch-Full-Screen/dp/B089PZ29XV/ref=sr_1_22?crid=1Z7WUL3L50M5U&dchild=1&keywords=mobile+phone&qid=1609663940&refinements=p_36%3A14674873011&rnid=14674871011&s=wireless&sprefix=mobile%2Caps%2C440&sr=1-22,https://www.amazon.com/Unlocked-Android-Smartphone-6-26inch-Full-Screen/dp/B089PZ29XV/ref=sr_1_22?crid=1Z7WUL3L50M5U&dchild=1&keywords=mobile+phone&qid=1609663940&refinements=p_36%3A14674873011&rnid=14674871011&s=wireless&sprefix=mobile%2Caps%2C440&sr=1-22,$72.99,72,99,Also available in purple,https://www.amazon.com/Unlocked-Android-Smartphone-6-26inch-Full-Screen/dp/B089QBVNTS/ref=sr_1_22?crid=1Z7WUL3L50M5U&keywords=mobile+phone&qid=1609663961&refinements=p_36%3A14674873011&rnid=14674871011&s=wireless&sprefix=mobile%2Caps%2C440&sr=1-22,https://m.media-amazon.com/images/I/41SjE2+V++L._AC_US40_.jpg,,,,,,
https://www.amazon.com/USHINING-Unlocked-Compatible-Landscape-Charging/dp/B08332RFTP/ref=sr_1_23?crid=1Z7WUL3L50M5U&dchild=1&keywords=mobile+phone&qid=1609663940&refinements=p_36%3A14674873011&rnid=14674871011&s=wireless&sprefix=mobile%2Caps%2C440&sr=1-23,https://m.media-amazon.com/images/I/61aDtv4EA6L._AC_UY218_.jpg,https://www.amazon.com/USHINING-Unlocked-Compatible-Landscape-Charging/dp/B08332RFTP/ref=sr_1_23?crid=1Z7WUL3L50M5U&dchild=1&keywords=mobile+phone&qid=1609663940&refinements=p_36%3A14674873011&rnid=14674871011&s=wireless&sprefix=mobile%2Caps%2C440&sr=1-23,Ushining Seniors Cell Phones Unlocked SOS Button Hearing Aid Compatible 3G Tmobile Cell Phones for Seniors Large Volume 2.4 Inch HD Screen Basic Cell Phones with Charging Dock (Black),3.7 out of 5 stars,https://www.amazon.com/USHINING-Unlocked-Compatible-Landscape-Charging/dp/B08332RFTP/ref=sr_1_23?crid=1Z7WUL3L50M5U&dchild=1&keywords=mobile+phone&qid=1609663940&refinements=p_36%3A14674873011&rnid=14674871011&s=wireless&sprefix=mobile%2Caps%2C440&sr=1-23#customerReviews,64,BLACK,https://www.amazon.com/USHINING-Unlocked-Compatible-Landscape-Charging/dp/B08332RFTP/ref=sr_1_23?crid=1Z7WUL3L50M5U&dchild=1&keywords=mobile+phone&qid=1609663940&refinements=p_36%3A14674873011&rnid=14674871011&s=wireless&sprefix=mobile%2Caps%2C440&sr=1-23,https://www.amazon.com/USHINING-Unlocked-Compatible-Landscape-Charging/dp/B08332RFTP/ref=sr_1_23?crid=1Z7WUL3L50M5U&dchild=1&keywords=mobile+phone&qid=1609663940&refinements=p_36%3A14674873011&rnid=14674871011&s=wireless&sprefix=mobile%2Caps%2C440&sr=1-23,$60.59,60,59,Price may vary by color,https://www.amazon.com/USHINING-Unlocked-Compatible-Landscape-Charging/dp/B08333928H/ref=sr_1_23?crid=1Z7WUL3L50M5U&keywords=mobile+phone&qid=1609663961&refinements=p_36%3A14674873011&rnid=14674871011&s=wireless&sprefix=mobile%2Caps%2C440&sr=1-23,https://m.media-amazon.com/images/I/41aXN7+RBFL._AC_US40_.jpg,,,,,,
https://www.amazon.com/Vintage-Standby-Quad-Band-Bluetooth-Classic/dp/B086MJLPZH/ref=sr_1_24?crid=1Z7WUL3L50M5U&dchild=1&keywords=mobile+phone&qid=1609663940&refinements=p_36%3A14674873011&rnid=14674871011&s=wireless&sprefix=mobile%2Caps%2C440&sr=1-24,https://m.media-amazon.com/images/I/615dVi-uiCL._AC_UY218_.jpg,https://www.amazon.com/Vintage-Standby-Quad-Band-Bluetooth-Classic/dp/B086MJLPZH/ref=sr_1_24?crid=1Z7WUL3L50M5U&dchild=1&keywords=mobile+phone&qid=1609663940&refinements=p_36%3A14674873011&rnid=14674871011&s=wireless&sprefix=mobile%2Caps%2C440&sr=1-24,"Tosuny Vintage Retro Brick Cell Phone Mobile Phone, Four Card Four Standby Quad-Band 2G Retro Bluetooth New Classic Old Mobile Phone, 2G GSM 850/900/1800/1900Mhz (Gold)",3.2 out of 5 stars,https://www.amazon.com/Vintage-Standby-Quad-Band-Bluetooth-Classic/dp/B086MJLPZH/ref=sr_1_24?crid=1Z7WUL3L50M5U&dchild=1&keywords=mobile+phone&qid=1609663940&refinements=p_36%3A14674873011&rnid=14674871011&s=wireless&sprefix=mobile%2Caps%2C440&sr=1-24#customerReviews,5,Gold,https://www.amazon.com/Vintage-Standby-Quad-Band-Bluetooth-Classic/dp/B086MJLPZH/ref=sr_1_24?crid=1Z7WUL3L50M5U&dchild=1&keywords=mobile+phone&qid=1609663940&refinements=p_36%3A14674873011&rnid=14674871011&s=wireless&sprefix=mobile%2Caps%2C440&sr=1-24,https://www.amazon.com/Vintage-Standby-Quad-Band-Bluetooth-Classic/dp/B086MJLPZH/ref=sr_1_24?crid=1Z7WUL3L50M5U&dchild=1&keywords=mobile+phone&qid=1609663940&refinements=p_36%3A14674873011&rnid=14674871011&s=wireless&sprefix=mobile%2Caps%2C440&sr=1-24,$58.99,58,99,Price may vary by color,https://www.amazon.com/Tosuny-Vintage-Standby-Quad-Band-Bluetooth/dp/B086MGWD4Z/ref=sr_1_24?crid=1Z7WUL3L50M5U&keywords=mobile+phone&qid=1609663961&refinements=p_36%3A14674873011&rnid=14674871011&s=wireless&sprefix=mobile%2Caps%2C440&sr=1-24,https://m.media-amazon.com/images/I/41m6NPFX-6L._AC_US40_.jpg,https://www.amazon.com/gp/offer-listing/B086MJLPZH/ref=sr_1_24_olp?rnid=14674871011&s=wireless&keywords=mobile+phone&crid=1Z7WUL3L50M5U&sprefix=mobile%2Caps%2C440&qid=1609663940&sr=1-24&refinements=p_36%3A14674873011&dchild=1,,More Buying Choices,$57.99,(2 new offers),Only 9 left in stock - order soon.
https://www.amazon.com/RCA-Unlocked-Smartphone-Android-Black/dp/B07KS366GB/ref=sr_1_25?crid=1Z7WUL3L50M5U&dchild=1&keywords=mobile+phone&qid=1609663940&refinements=p_36%3A14674873011&rnid=14674871011&s=wireless&sprefix=mobile%2Caps%2C440&sr=1-25,https://m.media-amazon.com/images/I/815MVnEtuVL._AC_UY218_.jpg,https://www.amazon.com/RCA-Unlocked-Smartphone-Android-Black/dp/B07KS366GB/ref=sr_1_25?crid=1Z7WUL3L50M5U&dchild=1&keywords=mobile+phone&qid=1609663940&refinements=p_36%3A14674873011&rnid=14674871011&s=wireless&sprefix=mobile%2Caps%2C440&sr=1-25,"RCA Q2 Android 9.0 Pie, 5.0"" HD, 4G LTE, 16GB, 8MP 5MP Dual Camera, Dual Sim, Unlocked Smartphone (Black)",3.4 out of 5 stars,https://www.amazon.com/RCA-Unlocked-Smartphone-Android-Black/dp/B07KS366GB/ref=sr_1_25?crid=1Z7WUL3L50M5U&dchild=1&keywords=mobile+phone&qid=1609663940&refinements=p_36%3A14674873011&rnid=14674871011&s=wireless&sprefix=mobile%2Caps%2C440&sr=1-25#customerReviews,285,Black,https://www.amazon.com/RCA-Unlocked-Smartphone-Android-Black/dp/B07KS366GB/ref=sr_1_25?crid=1Z7WUL3L50M5U&dchild=1&keywords=mobile+phone&qid=1609663940&refinements=p_36%3A14674873011&rnid=14674871011&s=wireless&sprefix=mobile%2Caps%2C440&sr=1-25,https://www.amazon.com/RCA-Unlocked-Smartphone-Android-Black/dp/B07KS366GB/ref=sr_1_25?crid=1Z7WUL3L50M5U&dchild=1&keywords=mobile+phone&qid=1609663940&refinements=p_36%3A14674873011&rnid=14674871011&s=wireless&sprefix=mobile%2Caps%2C440&sr=1-25,$79.99,79,99,Save 5%,https://www.amazon.com/RCA-Android-Marshmallow-Unlocked-Smartphone/dp/B01DZIV4XU/ref=sr_1_25?crid=1Z7WUL3L50M5U&keywords=mobile+phone&qid=1609663961&refinements=p_36%3A14674873011&rnid=14674871011&s=wireless&sprefix=mobile%2Caps%2C440&sr=1-25,https://m.media-amazon.com/images/I/51rsrDVm4cL._AC_US40_.jpg,https://www.amazon.com/RCA-Unlocked-Smartphone-Android-White/dp/B07KVGXZPW/ref=sr_1_25?crid=1Z7WUL3L50M5U&keywords=mobile+phone&qid=1609663961&refinements=p_36%3A14674873011&rnid=14674871011&s=wireless&sprefix=mobile%2Caps%2C440&sr=1-25,https://m.media-amazon.com/images/I/51p34wDln9L._AC_US40_.jpg,,5% coupon applied at checkout,,
https://www.amazon.com/Sudroid-Android-Definition-Phones-Unlocked/dp/B07BN983B1/ref=sr_1_26?crid=1Z7WUL3L50M5U&dchild=1&keywords=mobile+phone&qid=1609663940&refinements=p_36%3A14674873011&rnid=14674871011&s=wireless&sprefix=mobile%2Caps%2C440&sr=1-26,https://m.media-amazon.com/images/I/61s0IaMcKtL._AC_UY218_.jpg,https://www.amazon.com/Sudroid-Android-Definition-Phones-Unlocked/dp/B07BN983B1/ref=sr_1_26?crid=1Z7WUL3L50M5U&dchild=1&keywords=mobile+phone&qid=1609663940&refinements=p_36%3A14674873011&rnid=14674871011&s=wireless&sprefix=mobile%2Caps%2C440&sr=1-26,"Mini Smartphone,Child Phone Sudroid SOYES The World's Smallest Cell Phone 2.5 Inch Android Small Phone Quad Core 1G+8G 5.0MP Dual SIM High Definition Mini Phones Unlocked 3G Mobile Phone (Black)",3.5 out of 5 stars,https://www.amazon.com/Sudroid-Android-Definition-Phones-Unlocked/dp/B07BN983B1/ref=sr_1_26?crid=1Z7WUL3L50M5U&dchild=1&keywords=mobile+phone&qid=1609663940&refinements=p_36%3A14674873011&rnid=14674871011&s=wireless&sprefix=mobile%2Caps%2C440&sr=1-26#customerReviews,160,Black,https://www.amazon.com/Sudroid-Android-Definition-Phones-Unlocked/dp/B07BN983B1/ref=sr_1_26?crid=1Z7WUL3L50M5U&dchild=1&keywords=mobile+phone&qid=1609663940&refinements=p_36%3A14674873011&rnid=14674871011&s=wireless&sprefix=mobile%2Caps%2C440&sr=1-26,https://www.amazon.com/Sudroid-Android-Definition-Phones-Unlocked/dp/B07BN983B1/ref=sr_1_26?crid=1Z7WUL3L50M5U&dchild=1&keywords=mobile+phone&qid=1609663940&refinements=p_36%3A14674873011&rnid=14674871011&s=wireless&sprefix=mobile%2Caps%2C440&sr=1-26,$85.99,85,99,Save 10%,https://www.amazon.com/Sudroid-Android-Definition-Phones-Unlocked/dp/B089CJN6JS/ref=sr_1_26?crid=1Z7WUL3L50M5U&keywords=mobile+phone&qid=1609663961&refinements=p_36%3A14674873011&rnid=14674871011&s=wireless&sprefix=mobile%2Caps%2C440&sr=1-26,https://m.media-amazon.com/images/I/41tWT6wM-UL._AC_US40_.jpg,https://www.amazon.com/Sudroid-Android-Definition-Phones-Unlocked/dp/B089D3LRGW/ref=sr_1_26?crid=1Z7WUL3L50M5U&keywords=mobile+phone&qid=1609663961&refinements=p_36%3A14674873011&rnid=14674871011&s=wireless&sprefix=mobile%2Caps%2C440&sr=1-26,https://m.media-amazon.com/images/I/41v6BnTwygL._AC_US40_.jpg,,10% coupon applied at checkout,,
https://www.amazon.com/Simple-Mobile-Samsung-Prepaid-Smartphone/dp/B07GC56GJG/ref=sr_1_27?crid=1Z7WUL3L50M5U&dchild=1&keywords=mobile+phone&qid=1609663940&refinements=p_36%3A14674873011&rnid=14674871011&s=wireless&sprefix=mobile%2Caps%2C440&sr=1-27,https://m.media-amazon.com/images/I/71gG4xAdfvL._AC_UY218_.jpg,https://www.amazon.com/Simple-Mobile-Samsung-Prepaid-Smartphone/dp/B07GC56GJG/ref=sr_1_27?crid=1Z7WUL3L50M5U&dchild=1&keywords=mobile+phone&qid=1609663940&refinements=p_36%3A14674873011&rnid=14674871011&s=wireless&sprefix=mobile%2Caps%2C440&sr=1-27,Simple Mobile Samsung Galaxy J7 Crown 4G LTE Prepaid Smartphone (Locked) - Black - 16GB - Sim Card Included - GSM,4.4 out of 5 stars,https://www.amazon.com/Simple-Mobile-Samsung-Prepaid-Smartphone/dp/B07GC56GJG/ref=sr_1_27?crid=1Z7WUL3L50M5U&dchild=1&keywords=mobile+phone&qid=1609663940&refinements=p_36%3A14674873011&rnid=14674871011&s=wireless&sprefix=mobile%2Caps%2C440&sr=1-27#customerReviews,21,Wireless Phone Accessory,https://www.amazon.com/Simple-Mobile-Samsung-Prepaid-Smartphone/dp/B07GC56GJG/ref=sr_1_27?crid=1Z7WUL3L50M5U&dchild=1&keywords=mobile+phone&qid=1609663940&refinements=p_36%3A14674873011&rnid=14674871011&s=wireless&sprefix=mobile%2Caps%2C440&sr=1-27,https://www.amazon.com/Simple-Mobile-Samsung-Prepaid-Smartphone/dp/B07GC56GJG/ref=sr_1_27?crid=1Z7WUL3L50M5U&dchild=1&keywords=mobile+phone&qid=1609663940&refinements=p_36%3A14674873011&rnid=14674871011&s=wireless&sprefix=mobile%2Caps%2C440&sr=1-27,$89.00,89,00,,,,,,,,,Only 16 left in stock - order soon.
https://www.amazon.com/Nokia-Plus-Unlocked-Smartphone-T-Mobile/dp/B087RV4ZXY/ref=sr_1_28?crid=1Z7WUL3L50M5U&dchild=1&keywords=mobile+phone&qid=1609663940&refinements=p_36%3A14674873011&rnid=14674871011&s=wireless&sprefix=mobile%2Caps%2C440&sr=1-28,https://m.media-amazon.com/images/I/61Efe624cDL._AC_UY218_.jpg,https://www.amazon.com/Nokia-Plus-Unlocked-Smartphone-T-Mobile/dp/B087RV4ZXY/ref=sr_1_28?crid=1Z7WUL3L50M5U&dchild=1&keywords=mobile+phone&qid=1609663940&refinements=p_36%3A14674873011&rnid=14674871011&s=wireless&sprefix=mobile%2Caps%2C440&sr=1-28,"Nokia 1 Plus - Android 9.0 Pie (Go Edition) - 16 GB - LTE Unlocked Smartphone (at&T/T-Mobile/Cricket/H2O) - 5.5"" Screen - Black",4.5 out of 5 stars,https://www.amazon.com/Nokia-Plus-Unlocked-Smartphone-T-Mobile/dp/B087RV4ZXY/ref=sr_1_28?crid=1Z7WUL3L50M5U&dchild=1&keywords=mobile+phone&qid=1609663940&refinements=p_36%3A14674873011&rnid=14674871011&s=wireless&sprefix=mobile%2Caps%2C440&sr=1-28#customerReviews,2,,,https://www.amazon.com/Nokia-Plus-Unlocked-Smartphone-T-Mobile/dp/B087RV4ZXY/ref=sr_1_28?crid=1Z7WUL3L50M5U&dchild=1&keywords=mobile+phone&qid=1609663940&refinements=p_36%3A14674873011&rnid=14674871011&s=wireless&sprefix=mobile%2Caps%2C440&sr=1-28,$89.00,89,00,,,,,,,,,Only 11 left in stock - order soon.
https://www.amazon.com/Easyfone-Prime-A1-Unlocked-Compatible/dp/B07BHHHT7Z/ref=sr_1_29?crid=1Z7WUL3L50M5U&dchild=1&keywords=mobile+phone&qid=1609663940&refinements=p_36%3A14674873011&rnid=14674871011&s=wireless&sprefix=mobile%2Caps%2C440&sr=1-29,https://m.media-amazon.com/images/I/610s61NItXL._AC_UY218_.jpg,https://www.amazon.com/Easyfone-Prime-A1-Unlocked-Compatible/dp/B07BHHHT7Z/ref=sr_1_29?crid=1Z7WUL3L50M5U&dchild=1&keywords=mobile+phone&qid=1609663940&refinements=p_36%3A14674873011&rnid=14674871011&s=wireless&sprefix=mobile%2Caps%2C440&sr=1-29,"Easyfone Prime A1 3G Unlocked Senior Flip Cell Phone, Big Button Hearing Aids Compatible Easy-to-Use Basic Cell Phone with Charging Dock(Red)",3.5 out of 5 stars,https://www.amazon.com/Easyfone-Prime-A1-Unlocked-Compatible/dp/B07BHHHT7Z/ref=sr_1_29?crid=1Z7WUL3L50M5U&dchild=1&keywords=mobile+phone&qid=1609663940&refinements=p_36%3A14674873011&rnid=14674871011&s=wireless&sprefix=mobile%2Caps%2C440&sr=1-29#customerReviews,"2,210",Red,https://www.amazon.com/Easyfone-Prime-A1-Unlocked-Compatible/dp/B07BHHHT7Z/ref=sr_1_29?crid=1Z7WUL3L50M5U&dchild=1&keywords=mobile+phone&qid=1609663940&refinements=p_36%3A14674873011&rnid=14674871011&s=wireless&sprefix=mobile%2Caps%2C440&sr=1-29,https://www.amazon.com/Easyfone-Prime-A1-Unlocked-Compatible/dp/B07BHHHT7Z/ref=sr_1_29?crid=1Z7WUL3L50M5U&dchild=1&keywords=mobile+phone&qid=1609663940&refinements=p_36%3A14674873011&rnid=14674871011&s=wireless&sprefix=mobile%2Caps%2C440&sr=1-29,$64.99,64,99,Also available in Black,https://www.amazon.com/Easyfone-Unlocked-Hearing-Compatible-Charging/dp/B07BHH848H/ref=sr_1_29?crid=1Z7WUL3L50M5U&keywords=mobile+phone&qid=1609663961&refinements=p_36%3A14674873011&rnid=14674871011&s=wireless&sprefix=mobile%2Caps%2C440&sr=1-29,https://m.media-amazon.com/images/I/31vvaZbfSuL._AC_US40_.jpg,,,,,,